Date,Open,High,Low,Close,Volume
02-01-15,,175.9,171.9,174.9,49049
06-01-15,,181,175,180,255134
07-01-15,,180.9,179,180,370302
08-01-15,,182.1,180,181.6,27002
09-01-15,,190.9,184,187.9,958161
12-01-15,,194,189.3,190.1,3078643
13-01-15,,192,187,189.5,168594
16-01-15,,190,188,188.3,24690
19-01-15,,188.5,177,179.8,451999
20-01-15,,183,180,180.2,546885
21-01-15,,181,178.1,180,105928
22-01-15,,180,177.1,178,742522
23-01-15,,181.5,179,180,57584
26-01-15,,180.1,180,180,53002
27-01-15,,181.5,180,181,664413
28-01-15,,181,179.5,180.1,238538
29-01-15,,180.5,179.5,179.9,2489287
30-01-15,,174,167.5,168.1,1066970
02-02-15,,168.1,158.1,160.8,228428
05-02-15,,163.5,161,162.1,1719917
06-02-15,,170,164,168.1,2178486
09-02-15,,170.2,168,168,83916
10-02-15,,174.4,168.6,174,1043805
11-02-15,,179,174,178,120261
12-02-15,,178,176.1,178,52857
13-02-15,,178,176,178,202836
16-02-15,,178,176,177.3,35056
18-02-15,,180,177,178.6,677285
19-02-15,,181,179.1,180,3463628
20-02-15,,180,179.1,179.8,19128
23-02-15,,180,178.8,179,611781
24-02-15,,180,178.1,179.7,54106
25-02-15,,180,179,179.4,155040
26-02-15,,179.5,178,179,93610
27-02-15,,179.5,177.5,178.5,1104856
02-03-15,,179.5,178.5,179,135292
03-03-15,,180.1,179,180,720371
04-03-15,,180,179.5,179.7,564
06-03-15,,180,178.1,179.5,184422
09-03-15,,181,179.5,180.1,36133
10-03-15,,184.3,180,183.1,164186
11-03-15,,184.9,181,183,316532
12-03-15,,183,181.9,182.5,1560
13-03-15,,182,180,180.7,57855
16-03-15,,180.8,179.5,179.7,104847
17-03-15,,179.5,179,179,53697
18-03-15,,178,174,175,80664
19-03-15,,178,175,178,27661
20-03-15,,178,176,177.7,24759
23-03-15,,179,177.4,177.4,30302
24-03-15,,176.9,172.5,173.3,45369
25-03-15,,174,171.5,171.9,50337
26-03-15,,172,167,168,40197
27-03-15,,169,166.5,166.8,42576
30-03-15,,166.8,161,162.7,137991
31-03-15,,166.8,160,165.4,91909
01-04-15,,167,163,167,11355
02-04-15,,167,162,163.7,120322
06-04-15,,166,163.5,165,1043169
07-04-15,,168,164,165.1,6699
08-04-15,,166,164,164.6,14168
09-04-15,,164.7,164,164,850252
10-04-15,,165,163.6,163.9,304703
15-04-15,,170,163.5,169,20541
16-04-15,,175,170,170.3,529131
17-04-15,,173,170,171,70757
20-04-15,,173,171,172,346929
21-04-15,,172,171.1,172,303854
22-04-15,,173,171.5,171.9,2137698
23-04-15,,172,171,171.4,55506
24-04-15,,172,171,171,68161
27-04-15,,172,170.7,171.2,173399
28-04-15,,171.9,171,171.5,439534
29-04-15,,172,171,172,303705
30-04-15,,172.5,171.5,171.9,172544
05-05-15,,173,171,172,681987
06-05-15,,172,169,170.4,1356651
07-05-15,,172,171.5,171.9,5305
08-05-15,,173,171,171.2,549202
11-05-15,,172,171,171.9,328829
12-05-15,,172,170,171.8,776085
13-05-15,,172,170.5,170.5,677086
14-05-15,,171.4,170,170,824245
15-05-15,,171,169,169.7,598820
18-05-15,,169.9,168.2,168.5,33329
19-05-15,,169,168.2,169,108165
20-05-15,,170,169,170,1240243
21-05-15,,171,169,169.3,626279
22-05-15,,170,168.5,168.6,50602
25-05-15,,169,165,165.2,56180
26-05-15,,166.9,165.1,165.2,2107043
27-05-15,,169,165,165.1,1698312
28-05-15,,167.5,164,164.2,3128141
29-05-15,,164.2,162,162.9,925771
01-06-15,,164,162,162.8,37730
03-06-15,,163,160,160.4,1010029
04-06-15,,162.1,161,161,626898
05-06-15,,163.9,161,162.2,45818
08-06-15,,163,162.1,162.2,27095
09-06-15,,163,162,162.1,41697
10-06-15,,163,162,162,11656
11-06-15,,162,161,161.1,22013
12-06-15,,162.2,161,161,533772
15-06-15,,163.5,162,163,8805
16-06-15,,165,162.7,164,7083
17-06-15,,165,163,165,16246
18-06-15,,165,164,164.9,15450
19-06-15,,165,161.3,162.1,64880
22-06-15,,162.1,160,161.6,85199
23-06-15,,161.2,160.7,161,32610
24-06-15,,161,160.2,160.5,18499
25-06-15,,161,160,160.5,286628
26-06-15,,160.9,160.5,160.8,1665906
29-06-15,,160.9,160.5,160.7,55215
30-06-15,,160.9,160.2,160.5,1296694
02-07-15,,164.9,160.2,161,43453
03-07-15,,162,161,161.1,22604
06-07-15,,162,161,161.5,42639
07-07-15,,162.5,161.1,161.7,92921
08-07-15,,161,160,160.8,205109
09-07-15,,162.5,160.8,162,164339
10-07-15,,165,162,164.2,45177
13-07-15,,165,163.4,164.8,20294
14-07-15,,166,165,165,29088
15-07-15,,170,164.5,166.7,247142
16-07-15,,171,168.1,169.9,1353611
17-07-15,,170,168.2,169.5,123933
20-07-15,,169.5,167,168.1,11297
21-07-15,,168,167,167,3786
22-07-15,,169.3,166.5,168.1,1914519
23-07-15,,169,168,168.3,1458218
24-07-15,,170,168,170,1054178
27-07-15,,170,168.5,169.5,121576
28-07-15,,170.4,169.7,170,29687
29-07-15,,171,170,170.1,52197
30-07-15,,173,170.5,171,1937001
03-08-15,,172,171,171,480092
04-08-15,,171,170,170.5,25536
05-08-15,,172.5,171,171.5,109216
06-08-15,,173,172,172,32325
07-08-15,,173,171,172.7,127827
10-08-15,,173,172.2,172.3,8067
11-08-15,,174,171,173.8,1958114
12-08-15,,174.6,172.5,173.3,3437975
13-08-15,,174,172,172.1,39967
14-08-15,,175,172,174.9,131125
17-08-15,,175,174,174.9,139041
18-08-15,,175.5,174,174.7,448774
19-08-15,,175,174,174.6,145488
20-08-15,,174.5,173.5,173.7,28201
21-08-15,,175.1,173.5,175,835576
24-08-15,,175.5,169.9,170.7,2208577
25-08-15,,171,168,169.3,1123654
26-08-15,,171,169,170,239242
27-08-15,,172,169,170.4,982886
28-08-15,,174,171.9,173.5,53515
31-08-15,,174,173,174,562097
01-09-15,,174,172.4,172.6,43387
02-09-15,,172.1,169.6,171,495564
03-09-15,,171,170.1,171,921416
04-09-15,,172,169.5,169.5,29815
07-09-15,,169.5,167.5,168,527691
08-09-15,,168,165.5,165.9,14045
09-09-15,,168,166,167.3,9389
10-09-15,,167,166,167,84581
11-09-15,,167.2,166,166.1,29515
14-09-15,,168.7,167,168,457312
15-09-15,,169,165,167.9,493904
16-09-15,,168,165,165.1,8968
17-09-15,,167.5,165,165.8,158044
18-09-15,,166,165,166,502998
21-09-15,,166,165,165,10113
22-09-15,,165.1,164,165,81500
23-09-15,,165,164.9,164.9,51766
25-09-15,,165,164.8,164.9,59771
28-09-15,,165,162,163.4,3816772
29-09-15,,163.4,161.6,161.9,123276
30-09-15,,162,158,159,239853
01-10-15,,160.9,159.5,159.8,1810039
02-10-15,,161,159.9,160,91259
05-10-15,,161,158,159.2,153210
06-10-15,,162,159.4,159.8,154178
07-10-15,,160,158,158,82187
08-10-15,,157.5,156,156.3,292467
09-10-15,,157.5,157,157,322228
12-10-15,,160,157,157,604580
13-10-15,,161.9,155.5,157.9,1091694
14-10-15,,157.5,156,156,555330
15-10-15,,159,155.8,156.8,3959
16-10-15,,158,156.8,157.5,20373
19-10-15,,158,157,158,97220
20-10-15,,161.7,158.9,160.2,53805
21-10-15,,162.5,160,161.8,306254
22-10-15,,162,159,159.9,115534
23-10-15,,160,159.8,159.9,62241
26-10-15,,160,159,159.7,78443
28-10-15,,160,158,159,1827472
29-10-15,,160,156,156.8,1964536
30-10-15,,158,156,156.2,5115295
02-11-15,,159,156.2,158.2,348
03-11-15,,160,157.5,158,3103
04-11-15,,158,155.5,156,557193
05-11-15,,158,155.5,156.1,18497
06-11-15,,160,155.8,156,876625
09-11-15,,156,155,156,802080
11-11-15,,155,154,155,52493
12-11-15,,154.8,154,154,7166
13-11-15,,153,151,153,440334
16-11-15,,155,150,151.2,346879
17-11-15,,153,152,153,126799
18-11-15,,152,151.5,151.5,19841
19-11-15,,152.5,151.3,152,266276
20-11-15,,152,151.4,151.5,41645
23-11-15,,152,151,151,70696
24-11-15,,151,145,145.6,1144238
26-11-15,,150,145.5,145.9,193453
27-11-15,,146,145,145,313462
30-11-15,,145,140,140.3,387766
01-12-15,,141.1,140.1,140.2,211426
02-12-15,,141,140,140.7,251862
03-12-15,,144,141,141.4,354400
04-12-15,,142,141.1,141.5,587264
07-12-15,,141.8,141,141.2,11394
08-12-15,,141.5,140.3,140.5,386079
09-12-15,,141.5,139.9,140.3,1130383
10-12-15,,142.4,140.3,141.1,347226
11-12-15,,142.4,141,141.5,3570816
14-12-15,,142.4,141.2,142,1246301
15-12-15,,142,141.3,142,791686
16-12-15,,144,141.9,142,137968
17-12-15,,143.9,141.8,142,261493
18-12-15,,142.8,141.7,141.9,668468
21-12-15,,142,141.5,142,130298
22-12-15,,142,141.5,141.9,144693
23-12-15,,141.9,141.5,141.5,118737
28-12-15,,142,140,140,175260
29-12-15,,141.5,140,140,1093239
30-12-15,,140,139.9,140,605378
31-12-15,,140.6,139.9,140.2,231801
04-01-16,,142,139,139,1598941
05-01-16,,140,138.5,139,52618
06-01-16,,139.9,139,139.5,1287475
07-01-16,,139.9,139.2,139.2,1188829
08-01-16,,139.5,138.8,139.3,45958
11-01-16,,139.5,137.5,137.6,1441939
12-01-16,,138,135,135,1117370
13-01-16,,135.1,133.5,133.9,2774851
14-01-16,,133.9,129.8,130,318183
18-01-16,,130.1,129,129.1,119444
19-01-16,,129,127,128,324976
20-01-16,,130,125,125.5,121135
21-01-16,,128,125.7,127,326314
22-01-16,,133,129,130,118677
25-01-16,,131.5,129,129,14246
26-01-16,,130,128,128.4,22893
27-01-16,,129,127,127,149876
28-01-16,,129.9,127,127,198778
29-01-16,,129.9,127,127.1,196908
01-02-16,,130,127.5,130,6297
02-02-16,,131,129.5,130,866416
03-02-16,,130,128.5,129.2,74746
05-02-16,,130,129,129.2,32300
08-02-16,,130.4,129.9,130,30952
09-02-16,,130,129.6,129.9,2955
10-02-16,,130,128,128.8,46293
11-02-16,,128,127,127,43402
12-02-16,,128,124.5,125,96874
15-02-16,,127,124,125,832078
16-02-16,,125,124.8,124.8,138194
17-02-16,,125,124,124.1,139609
18-02-16,,125,123,123.2,125964
19-02-16,,125,123.2,125,51885
23-02-16,,125.2,125,125,13791
24-02-16,,125,124.6,124.7,23387
25-02-16,,125.5,124.4,124.7,123056
26-02-16,,125,124.5,125,71072
29-02-16,,125,124.9,124.9,204513
01-03-16,,125,124,124.1,21187
02-03-16,,124.5,123.8,124,541117
03-03-16,,125,124,124,897886
04-03-16,,125,124,124,130652
08-03-16,,124,122,123.2,112942
09-03-16,,122,115,117.1,1021101
10-03-16,,118,115.5,117.2,1332524
11-03-16,,122,118,122,3859
14-03-16,,122.3,121,121.6,279672
15-03-16,,121.9,120,120.1,2432851
16-03-16,,121.8,120,120,1587194
17-03-16,,122,120,120,3639326
18-03-16,,121.5,120,120,1078520
21-03-16,,122,120,121.6,13325
23-03-16,,122,120.2,121,347118
24-03-16,,123,121,121.7,17901
28-03-16,,122.5,121.4,122,20406
29-03-16,,123,121,122.7,192957
30-03-16,,124,122.2,123.6,13357
31-03-16,,125.9,123.9,125.5,45127
01-04-16,,124.5,121,123.6,4335
04-04-16,,125.1,123.5,124.8,33618
05-04-16,,130,124.8,128.4,144223
06-04-16,,129.9,127,129.9,58329
07-04-16,,132,128.1,132,145016
08-04-16,,136,132,134.1,53986
11-04-16,,134.5,132.6,134,239110
12-04-16,,135,133.9,134.5,59010
15-04-16,,135,130,130.6,104943
18-04-16,,135,131,132.1,16869
19-04-16,,133,131.2,132,40890
20-04-16,,133,131.5,132.5,3402
22-04-16,,133.5,132.5,133,35417
25-04-16,,133,130.9,131,117687
26-04-16,,132,130.5,131,140327
27-04-16,,132,131,132,187394
28-04-16,,132,129.5,129.9,171756
29-04-16,,131,130,130.7,549737
03-05-16,,133,132,133,165320
04-05-16,,133.5,132.5,132.7,1592951
05-05-16,,133,132,132.9,123038
06-05-16,,133.5,132.5,132.5,565257
09-05-16,,133,132,132.5,30793
10-05-16,,133,132,132.9,33038
11-05-16,,133.5,130,130,4094470
12-05-16,,132,130,131.4,2652519
13-05-16,,132.1,131.4,132,1910770
16-05-16,,133.1,132.5,133,36667
17-05-16,,133.3,130.1,130.3,85961
18-05-16,,132,130.5,131.5,1187661
19-05-16,,132,130.6,130.7,45805
20-05-16,,132,130.7,131,22063
24-05-16,,131.5,130.6,131,2198694
25-05-16,,131.5,130.4,130.5,2510520
26-05-16,,131,130.4,130.5,1534472
27-05-16,,130.5,130,130,6148383
30-05-16,,130,129,129,46382
31-05-16,,129.5,127.5,127.8,150546
01-06-16,,128.9,127.5,128,916977
02-06-16,,128.5,127.9,128.5,663574
03-06-16,,128.9,127.9,128,43298
06-06-16,,129.5,128,128.3,10104
07-06-16,,129.5,128.5,129,16975
08-06-16,,129.5,129,129,34266
09-06-16,,129.5,129,129.2,257781
10-06-16,,130,129.2,129.2,1106
13-06-16,,129.9,129,129.5,15200
14-06-16,,129.9,129.5,129.6,11196
15-06-16,,129.9,129.5,129.5,32097
16-06-16,,129.4,125.6,126.1,291442
17-06-16,,128.9,126,127.7,130991
20-06-16,,128.2,127.1,127.3,8486
21-06-16,,128,126.5,126.6,51270
22-06-16,,127,124,125,1098275
23-06-16,,126,124,124,66105
24-06-16,,124,122.5,122.9,172256
27-06-16,,123.7,121,121.8,778868
28-06-16,,122,121.4,122,360361
29-06-16,,124,121.1,121.3,10976
30-06-16,,122.9,121.3,121.7,18937
01-07-16,,122,121,121,365120
04-07-16,,122,120.1,121,39434
05-07-16,,121.5,120.5,121.5,159429
07-07-16,,123,121.2,122,14960
08-07-16,,124,121.7,124,131748
11-07-16,,128,124.5,126.3,71445
12-07-16,,128.5,127,128.1,247745
13-07-16,,129.5,128.5,129.5,260265
14-07-16,,130,129,129.3,332751
15-07-16,,130,129,129.5,103219
18-07-16,,129.6,128.1,128.5,1714
20-07-16,,130.5,128.5,130,322010
21-07-16,,130,128.5,130,26987
22-07-16,,130,129.8,130,239350
25-07-16,,130,129,129.1,12130
26-07-16,,130,129,129.2,6690
27-07-16,,129.5,128.5,128.5,21763
28-07-16,,130,127.5,129.9,109627
29-07-16,,130.5,129,130,50982
01-08-16,,135,130.5,134,915452
02-08-16,,138.9,134.9,137.5,330927
03-08-16,,140,137,139.5,240238
04-08-16,,140,137,137,68571
05-08-16,,139,137,137,14228
08-08-16,,138,135.1,136,51264
09-08-16,,136.5,135,135.7,22952
10-08-16,,136.4,136,136.1,20797
11-08-16,,136,135,135.5,59576
12-08-16,,136,135,135.1,13339
15-08-16,,137.5,135,136.4,88148
16-08-16,,137.2,136.4,137,45894
18-08-16,,139.8,137,139,652901
19-08-16,,139.9,138.5,139.2,149118
22-08-16,,139.9,139.5,139.7,92246
23-08-16,,140,138.6,140,1520444
24-08-16,,142,140,140,116792
25-08-16,,140.1,140,140,75996
26-08-16,,140,138,138.3,27974
29-08-16,,140,137,139.2,287340
30-08-16,,139.8,138,138,6614
31-08-16,,139.5,138,138.9,570359
01-09-16,,139.8,138,138.4,22372
02-09-16,,139,138,138.5,21584
05-09-16,,139,137.5,138.3,134184
06-09-16,,139.8,138,139,122465
07-09-16,,139.8,138,138.1,107697
08-09-16,,139.8,137.1,138,36567
09-09-16,,139.2,138.5,138.9,32536
13-09-16,,140,138.4,140,39368
14-09-16,,142.1,138.9,142,2174363
15-09-16,,142.5,142,142.1,25408
19-09-16,,142.9,140,141.5,8832
20-09-16,,141.5,139.8,139.9,13407
21-09-16,,141,139.6,140,559099
22-09-16,,141,140,140,72923
23-09-16,,141,140,140,906166
26-09-16,,141,140,140.1,20648
27-09-16,,140.5,140,140,332189
28-09-16,,142.1,140.1,142,133123
29-09-16,,143.5,142,143,123372
30-09-16,,144.5,143,144,110593
03-10-16,,148,144.1,147.1,124184
04-10-16,,148,145,145,125796
05-10-16,,147,145,146.2,53110
06-10-16,,146.5,145,145.9,38457
07-10-16,,150.8,146.4,148.5,172247
10-10-16,,149,147.8,148.5,23980
11-10-16,,150.1,146.5,149.2,1445387
12-10-16,,148.5,148,148.4,3700
13-10-16,,148.5,146,147.7,488141
14-10-16,,148,145.6,148,216042
17-10-16,,147,145.5,146,10813
18-10-16,,146,144,145.9,54633
19-10-16,,147,146,146.5,135894
20-10-16,,147.9,147,147,152269
21-10-16,,147.9,147,147,108471
24-10-16,,147.2,145.5,147,238224
25-10-16,,147.3,146.3,147,33197
26-10-16,,147.3,146.7,147,98154
27-10-16,,147,146,146.2,957
28-10-16,,146.7,144.6,144.6,14230
31-10-16,,145.2,140.1,143.9,82104
01-11-16,,148.9,143,147.2,33345
02-11-16,,150.5,145,150,535462
03-11-16,,151.5,150.7,151,96700
04-11-16,,151.8,151,151,55722
07-11-16,,151.9,150.1,150.3,61730
08-11-16,,150,148,149,52349
09-11-16,,149,147,147.4,20825
10-11-16,,148.9,148,148,307936
11-11-16,,148.9,147,148,2900
15-11-16,,148,146,148,1176090
16-11-16,,146.2,141,141.1,66291
17-11-16,,144.5,141.5,143,79323
18-11-16,,144,142,142,14473
21-11-16,,142,140,141.5,737155
22-11-16,,141.5,140.1,141,72413
23-11-16,,143,141.4,142,13235
24-11-16,,142.9,141,141,13621
25-11-16,,142,140.1,140.8,8390
28-11-16,,141,138.5,139.4,21774
29-11-16,,140.1,139,140,481506
30-11-16,,140.5,140,140,243571
01-12-16,,145,140.5,142,1101665
02-12-16,,144.5,141.2,142.2,618421
05-12-16,,144.3,142,144.1,67288
06-12-16,,144,143,144,1332970
07-12-16,,144,143,143,58567
08-12-16,,144,143,143.4,34176
09-12-16,,146,144,144.5,1174621
14-12-16,,145,144.5,144.9,1292840
15-12-16,,145.1,143,145,486263
16-12-16,,145.2,144.5,145,1233748
19-12-16,,145,143.6,143.6,3786
20-12-16,,145,140.3,141.4,1802311
21-12-16,,144,143,143,8045
22-12-16,,144,141,141.3,6509
23-12-16,,142,141.5,141.6,2214
27-12-16,,144,141.5,142,54847
28-12-16,,146,144.5,145,5756483
29-12-16,,145,145,145,163125
30-12-16,,145,144,145,43283
02-01-17,,144,143,143.3,3768
03-01-17,,144.5,142.9,143.5,2529
04-01-17,,143,143,143,105
05-01-17,,142.5,141.6,141.9,102559
06-01-17,,142.5,141.5,142.5,82188
09-01-17,,142,141,141.9,46078
10-01-17,,141.5,140,140,70637
11-01-17,,142,140.2,142,24510
13-01-17,,142,140,142,857282
16-01-17,,142.9,140,140,28277
17-01-17,,141,139.5,139.6,24474
18-01-17,,140.5,140,140,39495
19-01-17,,140.5,140,140,3196
20-01-17,,144,140,142.1,13221
23-01-17,,142,141,142,351128
24-01-17,,142,141,142,310370
25-01-17,,142,141,141.9,1238
26-01-17,,142,141.7,142,3078
27-01-17,,142,142,142,379082
30-01-17,,148.5,143,145.1,32338
31-01-17,,145.5,144.5,145,356872
01-02-17,,144.9,143,143.1,14228
02-02-17,,145.9,143.9,145.7,45648
03-02-17,,146.2,145,145.2,202798
06-02-17,,145,143.9,145,57599
07-02-17,,143,141.8,142,3606
08-02-17,,142,140,140.1,5459
09-02-17,,141,140,140.1,148426
13-02-17,,142,140.1,142,70211
14-02-17,,143,142,142,87652
15-02-17,,143,142.1,143,38629
16-02-17,,143.5,142.9,143,1545
17-02-17,,142.5,142,142,7368
20-02-17,,143,142,142.2,1737
21-02-17,,142.9,142,142.9,170953
22-02-17,,143.1,142.6,143,1228058
23-02-17,,144.4,143.1,143.9,4348
27-02-17,,144.4,144,144,114590
28-02-17,,144,143,143,261642
01-03-17,,144,143,143.1,226902
02-03-17,,144,142,142.5,9061
03-03-17,,142.5,142,142,43494
06-03-17,,142,141.9,142,1831
07-03-17,,142,135,141.8,873203
08-03-17,,142,140,140,1074343
09-03-17,,140.5,138,138.2,16905
10-03-17,,138.5,138,138,14846
13-03-17,,138.5,136.5,136.5,20002
14-03-17,,136.9,134.3,135,43272
15-03-17,,137,134,134.1,62962
16-03-17,,134.1,134.1,134.1,1957
17-03-17,,134.9,133,134,272309
20-03-17,,135,134,134.1,8546
21-03-17,,139,134.1,134.9,3871
22-03-17,,135,133.5,133.7,7419
23-03-17,,134,133,133,434990
24-03-17,,133.5,132,132.1,442553
27-03-17,,132,130,130,29154
28-03-17,,130,129,129,62607
29-03-17,,129.5,128.5,128.8,557720
30-03-17,,130,128.5,130,347459
31-03-17,,132,129,130.4,1548217
03-04-17,,132,130.5,131.5,215769
04-04-17,,134.9,131.5,134.1,802104
05-04-17,,134.9,132.1,133.4,212346
06-04-17,,135,133.7,134.5,576652
07-04-17,,135.5,134,135.1,131538
11-04-17,,135.9,133.5,135.5,725167
12-04-17,,140,135.9,139.1,1314596
17-04-17,,139.2,135,136.5,46798
18-04-17,,137,135,135.3,39765
19-04-17,,141,137,139.7,29719330
20-04-17,,143,140,142.1,72540
21-04-17,,145,142.9,144.5,489531
24-04-17,,144.9,142,142.6,6098
25-04-17,,145,142,142.2,730936
26-04-17,,143,142,142.2,818850
27-04-17,,145,142,144.9,1570192
28-04-17,,145.1,144.5,145,968260
02-05-17,,145.5,144,144.1,67295
03-05-17,,145.3,142.1,145,491477
04-05-17,,145.5,145,145.1,48848
05-05-17,,146,145,145.5,68810
08-05-17,,147,145.5,146.9,90878
09-05-17,,147.5,146.6,147.3,64856
12-05-17,,149,147.5,148.6,159353
15-05-17,,149,148,148.6,226084
16-05-17,,149,148,148,35004
17-05-17,,148,147,147.5,146827
18-05-17,,148.5,147,147.4,122114
19-05-17,,147.8,145,145.2,61936
22-05-17,,143,138,138,16650
23-05-17,,139,136,136.5,23956
24-05-17,,139,137,138.5,10043226
25-05-17,,138.5,137.8,137.8,44505
26-05-17,,137.9,136,136.2,40454
29-05-17,,137,134,134.6,31701
30-05-17,,135.5,133,134.7,10871689
31-05-17,,135.6,134,134.1,831115
01-06-17,,135.5,134.5,135.5,13622
02-06-17,,135.5,134.9,135,152215
05-06-17,,135,133.6,134,101062
06-06-17,,135,134.1,134.4,65310
07-06-17,,135,133,133.9,44249
09-06-17,,138,133.7,136,215303
12-06-17,,136.5,134,135.9,171298
13-06-17,,136,134.7,134.9,6576
14-06-17,,138,134.9,136.1,169705
15-06-17,,141,137,139.8,756648
16-06-17,,140.4,139.1,140,176714
19-06-17,,140.4,138,138,192043
20-06-17,,140,139,140,192790
21-06-17,,140,139,140,325345
22-06-17,,140,138.1,139.9,160384
23-06-17,,139.3,138.5,139,54815
27-06-17,,139.9,139,139.5,244459
28-06-17,,139.8,139.3,139.5,107242
29-06-17,,140.5,139.1,139.7,854039
30-06-17,,139.5,138,139.2,520659
03-07-17,,139.5,138.5,139,99215
04-07-17,,140,138.9,139.6,302788
05-07-17,,139.9,139,139.1,350211
06-07-17,,139.8,139,139.6,106377
07-07-17,,140,139.1,139.8,111048
10-07-17,,140.1,139,139.5,132823
11-07-17,,140,139,139.8,64786
12-07-17,,139.3,138,138.5,505682
13-07-17,,139,138,138.1,24690
14-07-17,,138.5,138,138.5,47043
17-07-17,,138.9,138,138,196700
18-07-17,,138.5,137.5,138.3,69934
19-07-17,,138,137.5,137.5,18130
20-07-17,,138.4,137.3,137.4,280098
21-07-17,,138.5,137.5,137.5,22517
24-07-17,,138.9,137.2,137.6,6310
25-07-17,,139.1,137.2,138,342022
26-07-17,,138.9,138,138,223345
27-07-17,,139,138,138.1,85997
28-07-17,,139,138,138.5,293473
31-07-17,,138.5,137.5,138,270252
01-08-17,,138,137.3,137.5,471584
02-08-17,,139,137,137.5,25428
03-08-17,,138,137,137.7,231508
04-08-17,,137.9,137,137.6,63550
08-08-17,,137.5,136.9,137.2,63202
09-08-17,,138,137.3,137.3,162537
10-08-17,,137.5,137,137.5,25424
11-08-17,,138,137.5,137.5,31451
14-08-17,,138.5,138,138,84772
15-08-17,,138,137.5,137.6,196879
16-08-17,,138,137,137.2,112475
17-08-17,,137.3,137,137,330707
18-08-17,,137.1,136.9,137,44918
21-08-17,,137.3,136.5,137,81907
22-08-17,,137.3,137,137,396575
23-08-17,,137.5,137,137,82152
24-08-17,,137.4,137,137.1,531124
25-08-17,,137.9,137.1,137.5,61668
28-08-17,,138,137.5,138,88543
29-08-17,,138,137.2,137.5,116078
30-08-17,,138,136.5,136.6,742319
31-08-17,,137,136.2,136.5,1959963
04-09-17,,137.3,136.3,137,2803
06-09-17,,136.9,136.4,136.5,71487
07-09-17,,137,136.5,137,27498
08-09-17,,137,136.5,136.5,1233722
11-09-17,,137,136.4,136.4,72196
12-09-17,,136.5,136,136,737956
13-09-17,,136,134.6,135,841920
14-09-17,,136,135,135,7705
15-09-17,,138,135,137.1,132674
18-09-17,,137,136.1,136.7,177334
19-09-17,,137,136.1,137,102070
20-09-17,,141,137,140.9,3263672
21-09-17,,140.8,137,140.1,450891
22-09-17,,140,138,138.1,52104
25-09-17,,139.8,137.1,138,96074
26-09-17,,139,137.2,139,9525
27-09-17,,138.9,137.6,137.6,1579
28-09-17,,138.9,137.5,138.5,309256
29-09-17,,139,138,138.5,748939
02-10-17,,138.5,138,138.1,13982
03-10-17,,140.5,138.5,140.3,309464
04-10-17,,146.2,140.5,145.9,13278744
06-10-17,,147.9,146,147,313022
09-10-17,,146,145,145.3,14844
10-10-17,,149,145,148.1,240392
11-10-17,,149,148,148.8,42479
12-10-17,,149.8,149,149,1761263
13-10-17,,149.5,146,146.5,7276
16-10-17,,146.1,142,142.6,222893
17-10-17,,144,143,143.7,2129410
19-10-17,,143.9,142.5,143,45485
20-10-17,,144,142,142.7,30984
23-10-17,,143,141,141.4,18308
24-10-17,,141.5,140.5,141,168363
25-10-17,,143,140.9,142.4,73914
26-10-17,,145,142,145,36197
27-10-17,,145,143.2,143.6,77448
30-10-17,,148,143.2,147.1,9659238
31-10-17,,150,147,149.7,837714
01-11-17,,149.6,148,148.9,4856
02-11-17,,148,147.5,147.5,14859
06-11-17,,148,147.5,147.5,8391
07-11-17,,147,145,146.2,186297
08-11-17,,146,144,144.5,13708
09-11-17,,144.4,143,143.9,1721
10-11-17,,144,142,142,31198
13-11-17,,143.9,140,141.5,59893
14-11-17,,142,138,138.3,11295
15-11-17,,140,137,138,162472
16-11-17,,139,137.2,137.5,1479182
17-11-17,,141,137.8,140,79863
20-11-17,,141,139.9,140,131502
21-11-17,,140,138.5,138.8,331449
22-11-17,,139,136,136.8,90447
23-11-17,,137.8,133,137.5,9216787
24-11-17,,137.8,136,136.1,106973
27-11-17,,137.2,136.5,137,7419
28-11-17,,137,136.1,136.1,3904
29-11-17,,136.6,133,134.4,3066004
30-11-17,,136.5,134.5,135,67576
04-12-17,,136,134.5,134.6,153315
05-12-17,,136.5,134.3,134.9,518557
06-12-17,,136,134.5,135,512402
07-12-17,,136,135,135.3,153115
08-12-17,,135.8,134.6,135.5,20144
11-12-17,,135.9,135,135,153555
12-12-17,,139,134,138.9,2198010
13-12-17,,137,134.6,135.1,3710
14-12-17,,137,136,137,4170
15-12-17,,138,136.1,137.2,14573
18-12-17,,138,137,137.6,24467
19-12-17,,137.6,135.1,136,39684
20-12-17,,136.9,135.5,136,90343
21-12-17,,136.5,135.5,136,60243
22-12-17,,136,135.1,135.2,2642
26-12-17,,136,135.1,135.6,1612
27-12-17,,135.8,135.7,135.7,2455
28-12-17,,136,135,135.3,329361
29-12-17,,136,135.3,135.8,15428
02-01-18,,138,136.4,138,1008
03-01-18,,138,136.8,137.9,32507
04-01-18,,140.8,137.9,140,128660
05-01-18,,140.9,139,140.5,904903
08-01-18,,141.7,140.5,141,5486330
09-01-18,,142,141,142,32190
10-01-18,,142.5,140.8,141.7,19810
11-01-18,,142.5,141,142.2,22939
12-01-18,,142.2,141,141.5,34786
16-01-18,,142,140,140,320898
17-01-18,,140,138.1,140,12139
18-01-18,,140,136,136.1,2516259
19-01-18,,138,136,136.7,4849965
22-01-18,,138,136,136.1,310444
23-01-18,,138,136.2,138,5071
24-01-18,,138,137,138,36249
25-01-18,,139.5,138,139,2654609
26-01-18,,139,137.1,139,8173
29-01-18,,140,139,139.5,36163
30-01-18,,140,139.2,139.7,214294
01-02-18,,140,139,139,121507
02-02-18,,140,139.2,139.5,62154
06-02-18,,140.4,139,140,178968
07-02-18,,141,139.2,140.8,336484
08-02-18,,140,138,140,163789
09-02-18,,140,138,138,8834
12-02-18,,139,136.5,136.6,1328
14-02-18,,137,134,134.2,347931
15-02-18,,137.5,135,137,94875
16-02-18,,138,135.7,136,4800
19-02-18,,137,136,136,38801
20-02-18,,138,136.5,136.9,34248
21-02-18,,139.6,137,139,1979173
22-02-18,,140,138.8,140,5766127
23-02-18,,140,134,139,434759
26-02-18,,140,139,139,17685
27-02-18,,140,138,139.5,27429
28-02-18,,139.5,137.5,138.5,1702206
02-03-18,,138.9,137.1,138,13536
05-03-18,,138.9,137.2,138,91875
06-03-18,,138.2,137.3,137.5,144967
07-03-18,,138,135,135.5,110006
08-03-18,,136.5,135.1,136,20073
09-03-18,,136.5,136,136.1,4681
12-03-18,,136.1,135.1,135.1,11661
13-03-18,,136.5,135,135.3,1204567
14-03-18,,135.9,135,135,1392223
15-03-18,,136,134.6,135.3,218346
16-03-18,,136.1,134.5,135.8,163023
19-03-18,,136.5,135,135.5,835046
20-03-18,,136.7,134.5,135.1,47607
21-03-18,,136,134.5,134.5,992477
22-03-18,,134.9,134.1,134.2,4353
23-03-18,,135,133.8,134,72174
26-03-18,,135,134,134.1,641857
27-03-18,,135,134,135,191940
28-03-18,,136,135,135.1,49753
29-03-18,,138,133,135.8,43929
02-04-18,,134.2,133,133.2,24797
03-04-18,,135,133,133.2,18998
04-04-18,,135,134,134.5,1726
05-04-18,,135.8,134,135,25315
06-04-18,,135.8,135.2,135.3,6253
09-04-18,,136,135,135,7271
10-04-18,,137,134.5,136.5,128750
11-04-18,,137,136.5,136.5,5760
12-04-18,,138,137,137.5,43528
16-04-18,,138,137,137.6,4330
17-04-18,,138,136.3,136.5,2902
18-04-18,,138.5,136.6,138,93494
19-04-18,,138.4,137.6,138,56176
20-04-18,,138.5,138,138,11354
23-04-18,,138.2,136.5,138,364147
24-04-18,,138.5,136.5,138,249835
25-04-18,,138,136,136.1,256333
26-04-18,,137,135,136,196141
27-04-18,,136.5,135,135.2,45094
01-05-18,,137,134,134,136403
02-05-18,,136.5,134.1,134.2,110405
03-05-18,,135,134.1,134.6,43165
04-05-18,,135,134.2,134.8,62674
08-05-18,,136,134.5,135,9072
09-05-18,,136.5,134.6,135,113507
10-05-18,,136,134,134.1,83292
11-05-18,,134.2,133,133.1,237245
14-05-18,,135,133,133.1,15061
15-05-18,,134,133.5,133.5,1414
16-05-18,,134,133.6,134,238853
17-05-18,,134,133,133.3,7199
18-05-18,,134,133,133,18153
21-05-18,,133.9,132,132.2,330672
22-05-18,,132.5,131.9,132.1,204251
23-05-18,,133,131.7,132,11727
24-05-18,,132.7,132,132,381424
25-05-18,,132.5,131.8,132,119856
28-05-18,,133,131,131.5,580656
30-05-18,,132.5,131.5,132,385666
31-05-18,,132,131,131,744142
01-06-18,,131.9,130.5,130.8,120723
04-06-18,,131.9,130,130.9,111500
05-06-18,,131.2,130,130.1,172314
06-06-18,,130.9,130,130,36291
07-06-18,,130.9,129.3,129.5,114884
08-06-18,,130,128,128.3,138727
11-06-18,,128.3,127.9,127.9,792079
12-06-18,,129,128,128.2,1108736
13-06-18,,129,128,128,2126462
14-06-18,,129,127.9,128,21507
18-06-18,,127.9,126,126.9,557591
19-06-18,,126.5,125,125.3,80952
20-06-18,,126,123.6,123.9,145461
21-06-18,,124.5,124,124,23475
22-06-18,,125,123,123.2,215811
25-06-18,,124,123,123.1,107064
26-06-18,,124,123,123.8,862722
28-06-18,,124,123,123,2210924
29-06-18,,123.9,122.9,123,2453294
02-07-18,,123.5,122.5,122.7,3608866
03-07-18,,123,122.8,123,6447
04-07-18,,123,122.5,122.5,93221
05-07-18,,124,122.5,123.1,17577
06-07-18,,124.9,123,124,7020
09-07-18,,124.5,123.9,124.5,1842
10-07-18,,125.5,124.5,125,14287
11-07-18,,128,126,126.9,26781
12-07-18,,129,127,128,767830
13-07-18,,128.9,126.1,127,289350
16-07-18,,127.9,125,125.1,132598
17-07-18,,128,126,126,422088
18-07-18,,126,125.8,126,376953
19-07-18,,129,126,128.6,105271
20-07-18,,129.8,128.5,129,188984
23-07-18,,130,129,130,535417
24-07-18,,130,128.9,130,48377
25-07-18,,130.7,128.8,129,1702
26-07-18,,128.8,127,127.1,18896
30-07-18,,129.9,128,128,15081
31-07-18,,128,125,125.4,351464
01-08-18,,126.5,123,123.5,199963
02-08-18,,124,122.6,123,610217
03-08-18,,124.9,122.6,124.9,724
06-08-18,,124.9,123,123.5,5405
07-08-18,,124.4,123.5,123.5,294494
08-08-18,,124,123.5,123.5,111514
09-08-18,,124.4,123.9,124,493779
10-08-18,,125,124,124,11636
13-08-18,,127.3,123.6,125.2,2708
14-08-18,,126,124,124,490273
15-08-18,,125,123.5,123.5,95105
16-08-18,,124.4,123,123.2,11572
17-08-18,,124,123,123.1,10851
20-08-18,,124,122,122.1,175240
21-08-18,,122.1,121.8,121.9,26663
23-08-18,,122,120.9,121,519596
24-08-18,,121.1,120.6,121,34297
27-08-18,,122,121,121.9,153432
28-08-18,,122,121,121,84885
29-08-18,,123.5,120.8,123,410919
30-08-18,,124.9,123.5,124.1,39189
31-08-18,,125,124,125,1075914
03-09-18,,125,123.2,124,56092
04-09-18,,124.9,123.5,123.5,3074
05-09-18,,124,123.5,123.7,305939
06-09-18,,124.5,123.5,123.7,2564
07-09-18,,124,123.5,123.9,5173
10-09-18,,124,123,123,4846
11-09-18,,123.5,122.8,123,219188
12-09-18,,123,121.5,122,33263
13-09-18,,122,120.3,121,5991
14-09-18,,120.6,119.5,119.8,630139
17-09-18,,120,119.5,119.5,8878
18-09-18,,119.5,116.5,116.5,178532
19-09-18,,119,116,116.4,614768
20-09-18,,117,115.2,115.3,17433
21-09-18,,115.5,114,114.1,1684990
25-09-18,,115.5,113.7,114,119942
26-09-18,,114.5,113.6,114,552271
27-09-18,,115,112.9,113.1,67432
28-09-18,,114,112.9,113,30971
01-10-18,,113.9,112,112.5,3642
02-10-18,,113,111,112,1405526
03-10-18,,112,111,111.5,81946
04-10-18,,113,112,112.5,160246
05-10-18,,114,112,113.5,10699
08-10-18,,114.3,113,114,52219
09-10-18,,114,112.9,113,204695
10-10-18,,113.9,112.1,112.6,7291
11-10-18,,112.9,111.1,112.5,26117
12-10-18,,112.7,111,111.6,25387
15-10-18,,112,110,110.1,39530
16-10-18,,112.7,109.5,110,46748
17-10-18,,111.9,109.9,110,914342
18-10-18,,111,110,110.7,2553
19-10-18,,110.5,108.5,108.5,43960
22-10-18,,109,108.6,108.9,3027
23-10-18,,109,108.2,108.5,12331
25-10-18,,109,107.5,107.8,144137
26-10-18,,111,107.6,110.3,4734749
29-10-18,,115,111.5,114,148364
30-10-18,,115.5,113.5,114,624882
31-10-18,,120,114,117.9,1697456
01-11-18,,122,116.5,121.8,292022
02-11-18,,125,123,123.9,2047930
05-11-18,,125.4,124,124.4,44561
07-11-18,,124.5,116.5,118.1,108113
08-11-18,,119,115.1,115.9,109099
09-11-18,,116.5,114.9,115.7,98229
12-11-18,,117,114.5,115,98036
13-11-18,,116,114.5,115,318588
14-11-18,,118.7,112,113.7,39630
15-11-18,,115.1,114,114,88233
16-11-18,,114.5,114,114.1,105959
19-11-18,,114,112.9,113,1090150
21-11-18,,113,112.7,112.8,610618
23-11-18,,113,112.5,112.5,97758
26-11-18,,115.5,113,113,218021
27-11-18,,116,113,115.2,760652
28-11-18,,116,115,115.9,11515
29-11-18,,116.6,115.3,116.6,5750
30-11-18,,118.1,116,117.6,1768588
03-12-18,,120,118,119.3,91450
04-12-18,,119.5,117,117.5,11940
05-12-18,,119.5,118,119.5,12697
06-12-18,,119.4,118.1,118.8,7383
07-12-18,,119,118,118.8,81437
10-12-18,,118.5,117,117.8,128920
11-12-18,,117.5,116,116,1450016
12-12-18,,118.5,116,116.1,52602
13-12-18,,118,115.9,116,4298610
14-12-18,,117,115.1,116,21998
17-12-18,,117.2,115.5,116,36296
18-12-18,,116,115.6,115.9,40950
19-12-18,,115.6,115,115,908817
20-12-18,,116,115.2,116,2115
21-12-18,,116,115.2,115.5,26481
24-12-18,,115.1,114.9,114.9,6290
26-12-18,,115.9,115,115,11912
27-12-18,,115.5,115,115.1,92026
28-12-18,,115.4,114.8,115,372789
31-12-18,,115,114.5,115,917997
02-01-19,115.9,115.9,115,115.5,4889
03-01-19,115,115.5,114.9,115,65499
04-01-19,115,115,114,115,43066
07-01-19,114.5,115,114.5,115,6363
08-01-19,115,115,113.9,114,160256
09-01-19,114,114.9,113,113.2,747424
10-01-19,114,114,114,114,27143
11-01-19,114,115,113.9,114,3141207
14-01-19,115,115,114,114.2,1384270
16-01-19,114.2,115,114.2,115,153326
17-01-19,115.1,115.1,114.6,114.8,12304
18-01-19,114.8,115,114.5,114.5,206254
21-01-19,114.3,115,113.9,114,573348
22-01-19,114,114,113.7,113.8,1668
23-01-19,113.9,113.9,113,113.1,228603
24-01-19,113,113.8,113,113,10979
25-01-19,113.9,113.9,113.1,113.5,41212
28-01-19,114,115,113.5,114.1,36309
29-01-19,115,115,114,114.2,35831
30-01-19,115,115,114,114,125947
31-01-19,114.9,114.9,114,114,208734
01-02-19,114,114.8,113.9,114,1819120
05-02-19,114,114.5,113.9,114,56620
06-02-19,113,113,112,112.3,79254
07-02-19,112.4,112.4,111.6,111.8,65264
08-02-19,111.5,111.5,111.3,111.4,118202
11-02-19,111.5,111.9,111.3,111.4,215670
12-02-19,111.3,111.5,111,111.1,12579
13-02-19,111.2,111.2,110.9,111,2787
14-02-19,111.5,111.5,110.9,111,2820
15-02-19,111,111,109.6,109.8,25242
18-02-19,110,110,109.3,109.5,5798
20-02-19,109.5,109.5,108,108.1,26841
21-02-19,108.1,108.1,106,106.7,286298
22-02-19,107,108,106.5,107.1,11066
25-02-19,107.8,107.8,105,106,2534561
26-02-19,107.2,108,106.5,107.9,12150
27-02-19,107.9,108,106.5,106.9,10248
28-02-19,107,107,105,105.4,348544
01-03-19,106,106,102.7,103,57889
05-03-19,103.5,103.5,102.8,103,61658
06-03-19,103.5,103.6,102.8,103,44079
07-03-19,103,105,103,103.8,1382
08-03-19,103.7,103.7,101.5,102,560796
11-03-19,102.2,102.2,99.5,100.6,1664335
12-03-19,99.5,100.1,99.5,100,14773
13-03-19,100,100,97,97,248111
14-03-19,97,100,97,99,87029
15-03-19,98.5,100,98.5,99,########
18-03-19,99,100,99,100,744411
19-03-19,100.5,100.5,98.3,99,135259
21-03-19,99,99,98.5,98.5,36937
22-03-19,100,100,98,98.7,13838
25-03-19,100,100,98,98.4,214983
26-03-19,98,99,98,99,3508
27-03-19,99,99,98.5,98.5,171714
28-03-19,98.7,99.8,98.2,98.5,184031
29-03-19,99,100,98.5,98.7,28110
01-04-19,103,103,99,99.8,880
02-04-19,101.9,103,99.5,99.6,2633
03-04-19,103,103,100,100,414313
04-04-19,102,102,99.1,100,204561
05-04-19,100,100,99.7,100,2377
08-04-19,99.9,99.9,99.5,99.8,2850
09-04-19,99.8,99.8,98.5,98.9,37195
10-04-19,99,99,98.4,98.4,147116
11-04-19,99,99,98,98,20950
12-04-19,98,98,97.4,97.7,63902
16-04-19,98,98,96.1,97,35382
17-04-19,97,97,96.6,97,6344
18-04-19,97,97,95.7,95.9,17590
23-04-19,95,95,90,92.8,46461
24-04-19,93,93.9,92.6,93,19508
25-04-19,94,94,92.8,92.9,3295091
26-04-19,92.7,92.9,91.9,91.9,33730
29-04-19,92,92,90.6,91.4,246548
30-04-19,92,92.8,90.7,92,240926
02-05-19,91.7,93,91.5,91.6,16703
03-05-19,91.8,93,91.8,92.6,96007
06-05-19,92.9,92.9,91,91.9,136562
07-05-19,91,92.4,91,91.5,24034
08-05-19,91,91,90.5,90.8,16371
09-05-19,92,92,89.9,90,458014
10-05-19,92,92,89.9,90,181257
13-05-19,90,92.4,90,90,8214
14-05-19,90,90.1,89.3,89.9,1435576
15-05-19,89.9,90,88.9,89.5,28652
16-05-19,89.4,89.4,88.7,88.9,16344
17-05-19,89.5,89.5,88.6,89,51295
21-05-19,90,90,89.1,90,122719
22-05-19,90,91,90,90,58606
23-05-19,90.5,90.5,90,90.5,26775
24-05-19,90.5,91,90,90.1,13814
27-05-19,91,91,90.5,90.5,69599
28-05-19,90.6,92,90.6,91.9,2683
29-05-19,94,98,92,92.1,7635
30-05-19,92.5,92.5,92.3,92.4,257731
31-05-19,92.5,92.5,91.1,91.6,3588
03-06-19,91.8,91.8,90.5,91,11097
04-06-19,90.5,91,90,90,206194
06-06-19,89.5,91,89.5,90,128705
07-06-19,91,91.5,90.1,91.5,5448
10-06-19,91.2,93,91,92.2,4029
11-06-19,92.5,93.9,92.1,93.8,6469
12-06-19,94.2,94.8,93.9,94.7,7724
13-06-19,94.9,94.9,93,93.3,20809
14-06-19,93,94,93,93.1,7712
17-06-19,94.8,94.8,93,93.5,21061
18-06-19,94.8,94.8,93.5,94,1602116
19-06-19,94.5,94.5,93.5,93.6,59656
20-06-19,93.7,94,93.4,93.5,39560
21-06-19,93.5,93.9,92.5,92.6,12045
24-06-19,92.8,92.8,91.2,92,25053
25-06-19,92,92,91.4,91.4,5217
26-06-19,92.5,92.5,91.4,91.5,10129
27-06-19,92.3,93,92,92,22743
28-06-19,93,93,91.8,91.9,776587
01-07-19,93,94,92.5,93,98817
02-07-19,93,96.5,93,94.3,19060
03-07-19,94,94.8,93.2,94.7,287143
04-07-19,94.8,96.5,94.5,95.6,10588
05-07-19,96.8,97.8,95,96.9,23580
08-07-19,97,97.2,95.2,95.5,76041
09-07-19,95.5,95.5,94.3,94.6,287472
10-07-19,95,95,93,93.2,208726
11-07-19,94.8,94.8,92.9,94.4,52153
12-07-19,94.8,95.9,93,93.9,3145
15-07-19,94.1,95.2,94,94.2,2065433
17-07-19,95.2,97.8,94.2,97.1,919262
18-07-19,97.5,99,97,98.5,51051
19-07-19,99,102.5,99,101.3,32906
22-07-19,102,102,100,100.4,269290
23-07-19,100.5,101.9,100,101.4,49704
24-07-19,102,104.2,101.5,103.9,72519
25-07-19,104.5,111,104.2,109,728237
26-07-19,109.5,109.5,108.8,109.4,2080039
29-07-19,109.5,114,109.5,113.1,2921144
30-07-19,113.2,115,109.5,111,337248
31-07-19,110,112,109,109.8,331226
01-08-19,111,111,105.5,106.5,49273
02-08-19,107,107,101.1,104.9,438089
05-08-19,106,108,105,105.2,6963
06-08-19,105,105,103.4,104,8342
07-08-19,104,107,103.6,107,14090
08-08-19,107,107,105,105.1,52278
09-08-19,105,112.5,105,107.9,268364
13-08-19,112,112,107.1,109.1,335003
15-08-19,108,108.5,105.6,106,602309
16-08-19,107,108,105.7,106,13082
19-08-19,106.6,106.6,105,105.1,33770
20-08-19,105.3,107.9,105.3,106.1,404487
21-08-19,107.4,108.8,106.8,107,130108
22-08-19,106.6,107,105.1,105.8,43396
23-08-19,106,107,105.2,106,34816
26-08-19,107,107.9,105.2,106,41404
27-08-19,105.5,107.5,105.5,107,167711
28-08-19,107,107.1,106.5,107,9777
29-08-19,108.5,108.5,107,108,518199
30-08-19,108.2,108.9,107.6,107.7,535026
02-09-19,108,108,107.5,107.6,8375
03-09-19,107.6,108,106.5,107,83905
04-09-19,107,107,106.5,106.5,4384
05-09-19,106.5,106.9,105.9,106,222831
06-09-19,105.2,105.2,103,103.7,196725
09-09-19,103.7,103.9,102.2,102.6,49342
10-09-19,102.9,102.9,102,102.3,64023
11-09-19,102.9,103,102.5,102.5,42260
12-09-19,105,105,103,103.5,6149
16-09-19,104.1,104.1,103,103,20380
17-09-19,103,103,101.9,102,36009
18-09-19,102,102.5,101.8,101.9,9003
19-09-19,102,102,99.8,100,447042
20-09-19,99.8,101.9,99.7,100,177055
23-09-19,100,100,99.3,99.4,4459
24-09-19,99.1,99.5,98,98.1,11426
25-09-19,98.2,100,98,98,10079
26-09-19,98,99,97.9,98.9,46442
27-09-19,100,104,98.5,99,61504
30-09-19,100,100,98,98.1,3704
01-10-19,98.5,98.5,97.9,98,71372
02-10-19,100,100,97.9,98,5016
03-10-19,98,99.9,97.5,98.4,22070
04-10-19,98.5,99.8,98.5,99.1,4268
07-10-19,100.1,100.1,98.5,99,156256
08-10-19,100,100,99,99.9,13205
09-10-19,100,101,98.9,99,1963290
10-10-19,100,100,98.9,99.1,4395595
11-10-19,100,100,98.8,99,351099
14-10-19,100,100,98.9,99,786830
15-10-19,100,100,97.8,98,421519
16-10-19,99,99,97.8,98,368798
17-10-19,98.4,99,95,98.8,3126636
18-10-19,98.5,99,98.5,98.9,122006
21-10-19,99.5,99.5,98.8,99,142111
22-10-19,100,100,98.8,99,305641
23-10-19,99.9,99.9,98.8,99,42749
24-10-19,99,99,98,98.1,144757
25-10-19,99,99,98.3,98.5,58026
28-10-19,99,99,97.8,98,175068
29-10-19,98,98,97.8,97.8,42668
30-10-19,97,97,96,97,65799
31-10-19,97,97,96.7,96.9,416571
01-11-19,97,99,96.9,98,2471566
04-11-19,99,99,98.7,98.9,259604
05-11-19,99,99,97.8,97.9,101231
06-11-19,98,99,97.5,97.5,50850
07-11-19,98,98,97,97.2,18576
08-11-19,97.8,99,97.6,98.8,25995
13-11-19,99,99.9,98.5,98.6,1308316
14-11-19,99,99.8,98.5,99,153614
15-11-19,99,99.1,98.6,99,968243
18-11-19,100.1,102.8,100.1,101.8,3731609
19-11-19,102.8,104,102.8,103.5,1296378
20-11-19,103.5,103.5,101,102.2,668076
21-11-19,102.2,103,101.2,101.5,568595
22-11-19,103,103,101.2,101.3,116662
25-11-19,102,102,100.6,100.7,36268
26-11-19,100.8,101.2,100.1,100.4,104526
27-11-19,100.1,100.5,99.5,100,30217
28-11-19,102,102.5,100.5,101,2907050
29-11-19,101.9,102,99.7,100.1,678591
02-12-19,100.1,100.1,98,98.8,221512
03-12-19,99,99.5,98.9,99,393008
04-12-19,99.5,99.5,98,98,954135
05-12-19,98.5,98.5,97.8,97.9,198524
06-12-19,97.9,98,97.8,98,180009
09-12-19,98,98,96.5,97,260076
10-12-19,97,97.5,96.7,97.4,35333
12-12-19,97.9,97.9,96.1,96.4,1356518
13-12-19,96.5,97.9,96.5,96.5,344628
16-12-19,97.8,97.8,96.3,96.5,204825
17-12-19,96.5,97.5,96.4,97,214923
18-12-19,97.5,97.5,96.7,97,36627
19-12-19,97,98,96.9,97,21815
20-12-19,97.5,97.5,96.5,96.6,33455
23-12-19,96.9,96.9,95.9,96,61267
24-12-19,96.1,96.5,95.9,96,208640
26-12-19,96.5,98.6,96.5,96.9,7749
27-12-19,97,98.5,96.9,97,51900
30-12-19,97.5,97.5,95.8,95.9,279117
31-12-19,97,97,94.7,95,134786
02-01-20,96,96,94.7,95,212306
03-01-20,95.1,95.1,94.8,95,114407
06-01-20,95,95,94,94,52715
07-01-20,94.5,94.5,93.7,93.8,9306
08-01-20,94,94,92,92,66474
09-01-20,92,94,92,92.8,113317
13-01-20,92.6,93.9,90.5,90.8,191938
14-01-20,92.9,92.9,90.9,91.8,24615
16-01-20,92,92,91.5,92,19000
17-01-20,92,92,89,89.9,285316
20-01-20,91,91,89.5,90,3747534
21-01-20,90.2,93,90,92,469653
22-01-20,92.9,93.5,92,92,3832238
23-01-20,93,93.8,92.9,93.5,127885
24-01-20,93.8,94.4,92,93.5,1583247
27-01-20,94,94,92.7,93,77176
28-01-20,92.5,93,92.3,93,154512
29-01-20,92.5,93,92,92,6265150
30-01-20,92.5,92.7,91.9,92,2579417
31-01-20,91.9,93,91.8,92,757416
03-02-20,93,95,92.1,92.4,2013663
05-02-20,93,93,92.9,93,61733
06-02-20,94.8,94.8,92,92.2,1094508
07-02-20,93,93,92,92.2,920181
10-02-20,94,94,92.5,92.5,687937
11-02-20,93,93,91.9,92,2282535
12-02-20,89.9,89.9,88.7,88.9,164342
13-02-20,89,89,87,87.2,173463
14-02-20,87.5,88,84.6,85.5,898453
17-02-20,86,86.5,85.4,85.5,983006
18-02-20,87.3,88.5,85.7,88.1,120918
19-02-20,88.4,91,88,89.9,75762
20-02-20,89,91.5,89,90,1182477
24-02-20,90,91,89.5,89.8,189123
25-02-20,90,90,88,89,53607
26-02-20,89,89,86.9,87,119901
27-02-20,88,88.5,87.1,87.5,53587
28-02-20,87,87,85.3,85.5,1362027
02-03-20,86,88.7,85,86,129904
03-03-20,86,88.4,85.4,85.8,197920
04-03-20,86.5,86.5,84.4,84.5,128628
05-03-20,84.5,84.5,80.5,81,2282221
06-03-20,81.1,81.1,79.2,79.7,1508692
10-03-20,79,79,75.5,77.2,597906
11-03-20,77.8,79.9,77.5,78,328128
12-03-20,77.7,77.7,74,75,872175
13-03-20,74,74,70,72.1,1102402
20-03-20,67,67,59.6,60.1,1408702
11-05-20,55,55,54,55,20637
12-05-20,54,57,54,55.1,1072438
13-05-20,57,59,55,55.4,2854836
14-05-20,57,58.5,50,50.1,58452021
15-05-20,52,55,50.6,54.8,3474767
18-05-20,55.8,57.1,55.8,56.1,4866484
19-05-20,57,59,56.9,57.6,7528771
20-05-20,59,64,59,62.1,3935315
21-05-20,65,71.5,65,70.2,5860715
22-05-20,71,71.9,66.5,68.1,4435326
26-05-20,69,69,63.9,63.9,2690451
27-05-20,64,65.1,60.5,64,1092917
28-05-20,64,65,64,64.8,1542178
29-05-20,64.7,64.7,62.1,63,1459928
01-06-20,63.1,63.1,60.9,61.6,943894
02-06-20,63,63,62,62.3,446039
03-06-20,62.5,64,62.5,63,960307
04-06-20,63,63.1,62.5,62.7,101650
08-06-20,63.5,64,63.4,63.5,2599109
09-06-20,64,66.9,64,65.2,4569711
10-06-20,66.2,66.9,65,65.5,2839767
11-06-20,66.5,67.9,66.3,67.4,2856048
12-06-20,67.2,69.5,66.6,68.8,2595790
15-06-20,69.1,70,67.8,68,477396
16-06-20,68.8,69.1,68,68.8,5216495
17-06-20,69,70.5,69,69.9,4441835
18-06-20,70,71,69.6,69.8,6277353
19-06-20,69.8,71.4,69.8,71,4153502
22-06-20,71,74.6,71,74.1,2390941
23-06-20,74.8,76.9,74.6,75.9,2536361
24-06-20,76,76.5,75,76,2436475
25-06-20,76.4,77.5,76.4,76.9,2221766
26-06-20,76.5,77.3,75.6,76.7,2876841
29-06-20,77.1,77.6,76.5,77,1410087
30-06-20,79.9,79.9,77.8,78.8,6612669
01-07-20,79,79.1,77.9,78,827545
02-07-20,78,78,76,77.1,2189399
03-07-20,77.9,77.9,76.1,76.5,7222393
06-07-20,76.5,76.5,74.5,75.8,1047980
07-07-20,76.5,77.3,76.2,76.5,6146069
08-07-20,76.5,77,76.3,76.6,1498999
09-07-20,76.6,77.5,76.5,76.6,952555
10-07-20,76,76,71,73.9,2923700
13-07-20,70,73.1,66,70.8,1685234
14-07-20,70,73.4,70,73.1,4442848
15-07-20,73,73.5,71,72.6,557401
16-07-20,73,74.5,73,74,1279568
17-07-20,74,75,73.9,74,3210980
20-07-20,74.8,75.4,74.8,74.9,1194401
21-07-20,75,75,74.2,74.7,709159
22-07-20,74.8,75,74.3,74.5,154750
23-07-20,74.6,74.7,74.3,74.4,287616
24-07-20,74.6,75,74.2,74.5,277927
27-07-20,75,75,74.5,74.8,1449197
28-07-20,75,75,73.8,74,1135902
29-07-20,74,74,73.4,73.5,879905
30-07-20,73.5,73.5,72,72.4,4396073
31-07-20,73.5,75.1,73,75,1425982
04-08-20,76,77,76,76.8,481759
05-08-20,77,77.5,76.6,77,683258
06-08-20,76.8,77.6,76.3,77,1361596
07-08-20,78.5,79,76.3,76.9,2781751
10-08-20,77.4,77.4,75.8,76.2,2207278
11-08-20,76.2,77.7,76,76.6,13026789
12-08-20,78,81.2,78,81,8328669
13-08-20,81.5,83.9,80.8,83.4,3643132
14-08-20,84,84,82.4,82.5,1729790
17-08-20,82.5,82.9,80.8,82,7516677
18-08-20,82.5,83,82,82.5,4685758
19-08-20,82.5,83.5,82,83.1,4685384
20-08-20,83,83.5,82.2,83,1937990
21-08-20,83,83.4,82.8,83.1,450985
24-08-20,83.1,85,83,83.6,698153
25-08-20,83.6,83.6,81.8,82.2,6001195
26-08-20,82.5,82.5,81.2,81.6,323296
27-08-20,82.2,82.2,79.9,80.1,13563525
28-08-20,80.1,82,80.1,81.5,637093
31-08-20,81.9,81.9,80.8,80.9,686511
02-09-20,81,81,79.7,80,912922
03-09-20,80,80,79.5,79.6,302656
04-09-20,79.6,79.6,78.4,78.6,1140805
07-09-20,78.6,78.9,77.2,78,393535
08-09-20,77.5,78,77.1,77.6,276468
09-09-20,79,81.5,78.9,79,535107
10-09-20,79.9,80,79,79,1424191
11-09-20,79,80,79,79.5,233149
14-09-20,80,80.5,79.1,79.3,815905
15-09-20,79.5,79.5,78.4,78.6,1496356
16-09-20,79,80.6,78.5,79,718182
17-09-20,79.1,82.9,79,82.4,2161527
18-09-20,82.9,83.8,82.6,82.8,4119392
21-09-20,83.5,83.5,81.5,82.1,953540
22-09-20,83,83,80,80.9,757384
23-09-20,81.5,82,80.5,80.9,355091
24-09-20,81,82,80.5,80.7,4571205
25-09-20,81,81.9,80.5,81,383388
28-09-20,81,81.5,80.5,80.9,583243
29-09-20,81,81,79.5,80,1908560
30-09-20,79.5,80,78.4,79.9,932716
02-10-20,80,80,79,79.2,788423
05-10-20,76.5,77.4,73.1,74.7,1882557
06-10-20,74,78,70.2,74.4,1450229
07-10-20,74.1,76.5,74,74.4,1509384
08-10-20,74.6,77.3,74.6,75.7,258994
09-10-20,76.5,78.2,76.5,77,594281
12-10-20,77,77.3,74.9,75.3,412990
13-10-20,75,76,74.3,74.5,1010875
14-10-20,74.5,79.5,74.3,77.6,583463
15-10-20,79,79,76.2,77.5,114488
16-10-20,77.1,79.1,76,77.3,432941
19-10-20,78.6,78.6,77,77.4,350573
20-10-20,77.4,77.4,76.5,76.7,423431
21-10-20,76.5,77.4,73,73.8,656205
22-10-20,73,76.5,73,74.5,396967
23-10-20,75.7,75.9,74.4,74.5,766282
26-10-20,73,74.3,73,73.9,346672
27-10-20,74.2,74.3,73.5,73.8,639701
28-10-20,73.5,74.4,72.5,73,756846
29-10-20,73,74.8,72.8,74.3,63944
02-11-20,73,74.2,72.8,73,418752
03-11-20,73,73.9,72.9,73.5,439493
04-11-20,73.5,75,73.3,74.5,106147
05-11-20,75,75,74,74.5,1499801
06-11-20,74.5,76.9,74.2,75.1,1937158
09-11-20,75.9,76,74.6,75.1,589133
10-11-20,76,79,76,78.1,689200
11-11-20,80,80,78,79,700645
12-11-20,76,79,75.5,77,502000
13-11-20,77,77.6,76.5,77,327193
16-11-20,77,77.5,75.8,76.1,231242
17-11-20,76,76,75.2,75.5,783978
18-11-20,76,76.9,75.5,76.1,42307
19-11-20,76.1,76.4,75.9,76,50291
20-11-20,76,76.5,76,76.1,404158
23-11-20,76.2,76.7,76,76.5,640404
24-11-20,76.6,77,76.2,76.6,730176
25-11-20,76.8,77,76,76.3,346962
26-11-20,76.3,76.7,76.2,76.5,583137
27-11-20,76.5,77,76.5,76.5,386979
30-11-20,76.5,79.5,76.4,78.8,759125
01-12-20,79.3,81,79.1,80.3,1507666
02-12-20,81,81,80.4,80.5,327501
03-12-20,80.9,81,80.2,80.6,500867
04-12-20,80.9,82.1,80.6,81.8,1429472
07-12-20,81.9,83.8,81.8,83.4,382539
08-12-20,83.9,85.2,83.9,84.5,1957222
09-12-20,84.8,85,82.1,83.2,819681
10-12-20,83.9,83.9,81.9,82.9,201164
11-12-20,83,83.1,82.2,83,299921
14-12-20,82,83,81.9,82.1,169724
15-12-20,82,82.4,80.8,81,252390
16-12-20,81,81.8,80.7,81,254376
17-12-20,80.8,81.2,80.1,80.5,354605
18-12-20,80.5,80.7,79.9,80,1895728
21-12-20,80,80.6,79.2,79.4,458801
22-12-20,79,80,79,79.5,118889
23-12-20,79.5,79.5,78.9,79,1019197
24-12-20,79,79.4,78.6,79.1,152780
28-12-20,79.3,80.8,79.3,80.1,181827
30-12-20,80.1,80.8,80.1,80.5,278683
31-12-20,80.6,81.5,80.4,80.9,616275
